0	SMM4H2022UsOrVPnHjHXTdciW	ADE	30	38	bruising	10022052
1	SMM4H2022nqSx5YKgncBmaJ40	ADE	22	39	staring at myself	10058975
2	SMM4H20227fgc68K2dIAbvPLj	ADE	68	93	ripping their clothes off	10075349
3	SMM4H20226SwdPJeIwdtgHNlJ	ADE	96	123	feel like i am going to die	10000173
4	SMM4H2022grb3peMyLn0aZM4G	ADE	78	96	straighten my hair	10019044
5	SMM4H2022PkLf7iWoae4WnahZ	ADE	80	86	cramps	10000081
6	SMM4H2022VA0lFurlV5FcCmyJ	ADE	22	104	sweaty incident during the show yesterday i looked it up and whaddayaknow sweating	10020642
7	SMM4H2022T4xOdFkQosP6NHaC	ADE	92	103	lightheaded	10069147
8	SMM4H20227boRJh6GFoGsF3Sk	ADE	13	76	addicted to xanax in high school its a miracle i still remember	10000009
9	SMM4H20222krXvnYPV9QfSjWh	ADE	108	118	withdrawal	10061621
10	SMM4H20224R9sQnvkX9I7VZAX	ADE	20	24	sick	10015549
11	SMM4H2022BLaO11F6PBtc2siW	ADE	34	45	throwing up	10040960
12	SMM4H2022s0qpuic35LSW4til	ADE	98	110	the shingles	10001443
13	SMM4H20227HrpD4eKixKkdJzv	ADE	14	133	weird dreams dreamed i was hanging out with a group of young gay men who were obsessed with obtaining perfect dark skin	10000125
14	SMM4H2022ZC9i6G9IQAgp3sPy	ADE	31	36	tummy	10039453
15	SMM4H2022uRKWYu44Bz2xGHTy	ADE	84	103	personality changes	10001443
16	SMM4H2022M5W38tQa99CiPRS3	ADE	115	127	gall bladder	10004986
17	SMM4H2022efGJKGD8nExIEIhR	ADE	89	98	tolerance	10018429
18	SMM4H2022SsDRFvvHQ72T9yH3	ADE	105	127	lost 3 days of my life	10061428
19	SMM4H20226XAgyMzjvduMDysd	ADE	30	35	drunk	10016330
20	SMM4H2022BDRlkCz1Za7LIROE	ADE	39	45	cramps	10000081
21	SMM4H20224gHYVb4cCdRqZQkV	ADE	4	10	dreams	10000125
22	SMM4H2022Nxslx2I1hINpQkoO	ADE	19	31	mad appetite	10002368
23	SMM4H2022DBvZyNTL93kxdnNj	ADE	12	128	flares floor me so i can empathise with you on that doc put me on lyrica 18mths ago n iv put 5st on n lost my memory	10031000
24	SMM4H2022wjqmynj1AA27MYUw	ADE	32	50	opioid withdrawals	10013663
25	SMM4H2022xalCyNWv07BQz9O9	ADE	136	158	pee more and obviously	10004637
26	SMM4H2022DvzTYDUlfMIvxSbH	ADE	3	9	bowels	10012735
27	SMM4H20220sD1HwRFGvwkezbi	ADE	44	50	bitchy	10038799
28	SMM4H2022RGSiPodnuZPLDh5v	ADE	101	111	feel worse	10000173
29	SMM4H2022NBsyG5dH3rrbVAUt	ADE	64	114	tumbling out of dreams into a half conscious state	10000125
30	SMM4H2022M8AYElg2hJ7MYDVx	ADE	32	39	jitters	10028686
31	SMM4H2022Uf0Oxd3mi4fNoV2a	ADE	9	213	doctors refuse to listen even to doctors dr duane graveline astronaut aerospace medical research scientist flight surgeon family doctor was given lipitor to his cholesterol temporarily lost his s t memory	10001526
32	SMM4H2022s1Zn22jgSVGrasWa	ADE	18	49	bloated today adderall hangover	10001623
33	SMM4H2022qZqN9jjRD5Bhk37E	ADE	61	78	fart like buggery	10003239
34	SMM4H2022aSuoYosdjB6Lb43q	ADE	75	80	drunk	10016330
35	SMM4H2022wvj3sx6Qhv1O0syX	ADE	123	131	acidosis	10027417
36	SMM4H2022iTRgAHEyjPzWS7vS	ADE	91	104	hallucinating	10002180
37	SMM4H20228vFMAL0NoDZpuQTZ	ADE	35	39	pain	10000081
38	SMM4H2022DZ5yPvaeicULnbXG	ADE	67	82	hyper not chill	10065235
39	SMM4H2022qcIAfmm6wDxbkbed	ADE	9	72	knocked me out last night probably bc i tried taking it nasally	10029404
40	SMM4H2022wyRyym737XahkuqC	ADE	33	46	double vision	10004111
41	SMM4H2022iQ284c6TW4WGyXSA	ADE	21	25	weak	10037466
42	SMM4H202294rFNyud0rCu9ntS	ADE	48	74	heart started to beat fast	10003674
43	SMM4H2022Qm3z9MPj6rlAB1O9	ADE	44	49	shaky	10002855
44	SMM4H2022K93QunxZV2ni6V3I	ADE	36	59	wide awake or exhausted	10037482
45	SMM4H2022DUu1svzkMiSxcodR	ADE	25	33	reaction	10000206
46	SMM4H2022q5XtQn60Y9Dr1edB	ADE	70	79	vibrating	10065553
47	SMM4H2022bXp4SWpCCHCk9Hme	ADE	40	62	lose a bunch of weight	10049084
48	SMM4H2022kkobwAqVNqA1GGuJ	ADE	53	63	withdrawal	10061621
49	SMM4H2022xrg3OdTdfNFp7pUh	ADE	116	118	gi	10061129
50	SMM4H2022ugDfMDBXl79sRcFc	ADE	46	57	on my veins	10061080
51	SMM4H2022Uam3u6R6hVIcVPTO	ADE	40	60	no appetite or sleep	10021654
52	SMM4H2022CxdAD8SLUr1d4iCz	ADE	116	133	trashed my immune	10000565
53	SMM4H2022C5Ub9pXNZm16kk9Q	ADE	54	73	worse than the pain	10002855
54	SMM4H2022Sw9eCZnIFfFAdXxC	ADE	75	83	nauseous	10001938
55	SMM4H2022wHZlXxh2bN0k8r7B	ADE	17	33	have no appetite	10021654
56	SMM4H2022oyrh7t24NyMKcR9M	ADE	36	57	wings and i can t eat	10061148
57	SMM4H2022VbRv0HAR8toib8he	ADE	95	119	crashed my immune system	10000565
58	SMM4H2022oE3t4lSFkbBVRdni	ADE	42	46	sick	10015549
59	SMM4H2022znTrKAtvaUvXuK5R	ADE	71	75	trip	10030188
60	SMM4H2022vCaziQH3QJ3UT0F4	ADE	101	107	ur gut	10038063
61	SMM4H2022mfB4wigpCvNrg2Zo	ADE	79	88	can t get	10044041
62	SMM4H20224MP1GA3NOzagBkI7	ADE	28	39	gain weight	10000188
63	SMM4H2022odUsfY8J2fykgcSm	ADE	58	116	spaced out i also take anoxicillin as i may have infection	10069576
64	SMM4H2022MvLxh4YPLrctvN6I	ADE	42	52	brain zaps	10012218
65	SMM4H202216KhQbF51FA32nPh	ADE	39	51	panic attack	10033666
66	SMM4H2022DCr10RVidBQ2IBMB	ADE	75	81	puking	10016256
67	SMM4H2022l7Pgsq4iyKPLmX5R	ADE	49	95	sleepy and hyper at the same time chronic pain	10000630
68	SMM4H2022U81GrpMMl9UXzg0S	ADE	55	78	adderall gives you adhd	10008479
69	SMM4H202252D8BlolcuyWgRWY	ADE	54	60	sweats	10020642
70	SMM4H2022cy2133eJIKHLU6wj	ADE	28	52	hurting tonight and temp	10045413
71	SMM4H20221cQFASFOS1MOk84T	ADE	99	126	shakinglikeapolaroidpicture	10019114
72	SMM4H2022MK4mOq7LJg8Qu4aO	ADE	107	134	body is slowly being ruined	10022945
73	SMM4H2022eD7ek0FYm4Rlq9UU	ADE	31	71	having a cognitive transformation bigger	10068768
74	SMM4H2022eeI8WtUXdCDOwAkU	ADE	41	123	limping from the levaquin cure for my pneumonia that dissolved left knee cartilage	10035669
75	SMM4H2022LTdolNg03HL5PQZV	ADE	73	78	shaky	10069204
76	SMM4H2022YXZ49oLBgTYDH3id	ADE	0	133	@USER_____ glad that worked. humira made me sick, remicade stopped working, nothing works. cimzia on now, but not working well either	10003118
77	SMM4H20224bnAO1DJSAuUaBII	ADE	27	32	burns	10008422
78	SMM4H2022NwDNXPtXc3NXXPJ5	ADE	56	65	heartburn	10013946
79	SMM4H2022dvsUR2bwXApHtglg	ADE	70	79	dry mouth	10013774
80	SMM4H2022hwYiqypodp6XSH5J	ADE	43	56	put weight on	10000159
81	SMM4H2022ohmwlhDKB1XPn3mb	ADE	54	72	feeling like death	10000060
82	SMM4H2022RuygMyKZzTq5oysz	ADE	54	83	those 10 seconds seem to last	10006803
83	SMM4H2022KeZp4Pjlcg4JQV2O	ADE	86	95	nauseated	10070415
84	SMM4H2022ezKl1nxWE1U4SNaf	ADE	47	54	to kill	10080091
85	SMM4H20221CVwzj1j0WeskXde	ADE	115	124	brainzaps	10021430
86	SMM4H2022zSuCKIlROHf8vTG3	ADE	33	37	hurt	10065038
87	SMM4H2022mhJj5NUjeBKWkBJ8	ADE	54	69	strain on heart	10050031
88	SMM4H2022qiiqkaI6VJxOEi2K	ADE	0	291	@USER________ sure if it was bipolarity or adhd but since adderall didnt make me speedy its adhd? honestly not being able to afford help and having people constantly deny your shit is so hard. like i have virtually no memory now. my processing has vastly slowed in the past 5 years. and tbh-	10063935
89	SMM4H2022JZd17jELhsVD4SKq	ADE	86	130	hyperactive will have clean house but broken	10037211
90	SMM4H20227JaniNIsANkMQBGJ	ADE	24	28	rash	10012434
91	SMM4H2022GBvy78Ec2OXh6sUt	ADE	116	121	dizzy	10050100
92	SMM4H20227ap5BZLQtoUdm0qf	ADE	72	81	withdraws	10050638
93	SMM4H2022uTOKHhbxb7qlevTE	ADE	84	94	withdrawal	10061621
94	SMM4H2022mQ3wmI2VPLBf9LpE	ADE	120	126	sleepy	10011091
95	SMM4H2022bcNYvaX3w7tInnF7	ADE	53	61	flushing	10016825
96	SMM4H2022DDyX4W3SI0KBi57y	ADE	50	62	lunesta haze	10011035
97	SMM4H2022bddowmkPqtnvgW3g	ADE	92	99	fatigue	10036316
98	SMM4H20226zrjwtiY4okFe88Y	ADE	19	34	numb and tingly	10058879
99	SMM4H2022aYA1QemNs8EMknTw	ADE	29	70	feel great that day but always feel awful	10000173
100	SMM4H20226SatwJAHTXzvXryv	ADE	59	110	drunk when i take them that i m literally stumbling	10016330
101	SMM4H2022anaYOUHpyPWgM2zE	ADE	70	82	light headed	10024459
102	SMM4H2022dfdLQK3s5VdASY4S	ADE	31	78	with pots but i do have orthostatic hypotension	10031127
103	SMM4H2022FfrCqLkHhz29y0n9	ADE	195	200	80lbs	10068961
104	SMM4H2022Ys8iyvTW03X9uOpd	ADE	13	19	sleepy	10034018
105	SMM4H2022yhVJje5ZqXpGHdnd	ADE	85	93	nauseous	10022699
106	SMM4H2022p1NMdGuIEtPGHljb	ADE	56	106	cravings until you can t fit into your dress pants	10039906
107	SMM4H2022WbD4cvc5vXfoBiIU	ADE	57	68	weight gain	10000159
108	SMM4H2022kHiqC9Qq6YyUCJz7	ADE	37	45	sweating	10042652
109	SMM4H20228YktPocQCzUCNBaN	ADE	51	123	gobs up in my throat and i gag like the cat trying to hack up a hairball	10068319
110	SMM4H2022KmPIlrNduwWRhFfU	ADE	77	84	fatigue	10036316
111	SMM4H2022g6xgkC03OBnuxNU5	ADE	10	21	memory loss	10033848
112	SMM4H2022PiORX5tBVmxafsRJ	ADE	92	127	hurt so much amp my mouth goes numb	10057371
113	SMM4H2022ppcGuAW2q2L9bEzB	ADE	163	180	gaining 45 pounds	10051919
114	SMM4H2022srQFafj2M8fgkE8v	ADE	57	68	withdrawing	10004272
115	SMM4H2022ZSroEySOz8UFgBxM	ADE	115	121	drowsy	10058461
116	SMM4H2022GrcRSzb1lDS60cQ5	ADE	33	38	slump	10058298
117	SMM4H2022gwVwACG7rn9ll2r6	ADE	37	49	lucid dreams	10000125
118	SMM4H2022uibXDfMAgvvvZCzD	ADE	79	87	hangover	10001623
119	SMM4H2022xTSHtU0lSDcWelUZ	ADE	8	14	cramps	10000081
120	SMM4H20226TwXcyM0ocQOXK7k	ADE	63	81	stomach is on fire	10000087
121	SMM4H2022pZ7icVqWgeGL6oAv	ADE	96	119	body stopped responding	10022945
122	SMM4H2022Sd33fNxblXqCnPW3	ADE	45	53	headache	10043269
123	SMM4H2022f8czMtMQJ7spnz2I	ADE	99	113	eyes and mouth	10005169
124	SMM4H2022jhdJ1scYhRAUCwXe	ADE	69	97	wake up throughout the night	10078086
125	SMM4H2022yWTizjUQRRSVfwfx	ADE	44	59	jitterysteroids	10061641
126	SMM4H2022IXfIMU4qLe1jBSx1	ADE	1	117	user 8 months of no treatment went back to my original rheumy and she s trying to get me back on remi i was allergic	10061111
127	SMM4H2022tM7xixaTiGtdPgM0	ADE	36	45	not sleep	10061613
128	SMM4H20221tdxAkOnKgV74fDR	ADE	60	108	shaky and i m taking lunesta but i keep sleeping	10022437
129	SMM4H2022Zu71RaiceVYelkRX	ADE	42	53	weight gain	10000159
130	SMM4H2022zbqq6Caq8sycext3	ADE	12	29	not been sleeping	10022437
131	SMM4H2022bVATRwZ3ymzHsZfx	ADE	103	107	sick	10015549
132	SMM4H2022iBI6ZiGPrlGoTnmi	ADE	52	61	addiction	10012335
133	SMM4H2022AmJ3vlSKlglNoRby	ADE	18	29	withdrawals	10055122
134	SMM4H2022kTAEfoI5e0X5KVV9	ADE	0	12	constipation	10010774
135	SMM4H2022ipzOmCaYdin8N6UV	ADE	29	32	nap	10080365
136	SMM4H2022luVGNLriRHt3SjjQ	ADE	31	36	crazy	10026883
137	SMM4H2022xcBRWRomlUr6vTQ6	ADE	25	39	shrink an inch	10016905
138	SMM4H2022JIDWkBwKVLhyH0bj	ADE	105	114	tolerance	10018429
139	SMM4H2022PQyQvLLBtnADZyEm	ADE	43	51	sweating	10042652
140	SMM4H20222qQfcDHQPVLU62Oc	ADE	25	75	ache much but i do at times with the rebif i ached	10003988
141	SMM4H2022XlHHCXxB05cwTDkh	ADE	59	63	coma	10019744
142	SMM4H2022tyFBAZMyfe7mpOki	ADE	4	12	allergic	10061557
143	SMM4H2022RZHYRd0PYRPxnaeA	ADE	6	11	tired	10003552
144	SMM4H2022RLWOmUM15IZAYqcK	ADE	16	26	joint pain	10024453
145	SMM4H20228u4rDDtUW75HPlGz	ADE	43	54	glassy eyed	10070831
146	SMM4H2022XPeP8rMssSQRBGpM	ADE	31	42	lose weight	10049084
147	SMM4H20228IbyEkgqki7lku98	ADE	59	65	sicker	10075578
148	SMM4H2022kQIN1iSIsrvD865H	ADE	98	116	opiate withdrawels	10070863
149	SMM4H2022kvXIVrlQ56rPcc61	ADE	90	113	weird taste in my mouth	10013911
150	SMM4H2022wdtwKtzOdZT8E4mC	ADE	50	65	not want to eat	10061148
151	SMM4H2022Oi7joqB51lAPYSAn	ADE	4	158	answer is very simple helping vets doesn t give him a boner like military hardware parades and campaign style rallies do it s that damned viagra tolerance	10033081
152	SMM4H2022QkM3SaWszeGwVZpn	ADE	62	78	almost killed me	10012711
153	SMM4H2022NWydEIMKkNub4BPC	ADE	54	65	muscle pain	10010550
154	SMM4H2022y75JIxjHTjwvM8OA	ADE	77	83	drowsy	10035735
155	SMM4H2022ubH3jzS4yIDeoc02	ADE	89	115	soar and hands all jittery	10033425
156	SMM4H2022Er0WoCGXDmsFfQo6	ADE	26	36	feel worse	10000173
157	SMM4H2022IqLsfekU1FxBtnUR	ADE	103	115	nerve damage	10000111
158	SMM4H2022oPqCsDfFOU8G3746	ADE	73	83	dehydrated	10028976
159	SMM4H2022mkTR9s6jpUsqHWgE	ADE	50	73	slept for like 36 hours	10003239
160	SMM4H2022EhfELJR0X81kH4FH	ADE	55	66	hallucinate	10066751
161	SMM4H2022yChZaK2K3PXyl0Jn	ADE	45	51	cramps	10000081
162	SMM4H2022tsKlGgk2mXvV5xhN	ADE	17	27	mouth numb	10057371
163	SMM4H2022gGM4SzXEJDoldcfw	ADE	20	24	puke	10059499
164	SMM4H20221RdFHOACkPvAa3Nn	ADE	115	120	drunk	10016330
165	SMM4H2022vHCP4OpOBNkatLSz	ADE	36	45	addiction	10012335
166	SMM4H2022gcXI4haRY18rhOAI	ADE	61	69	migranes	10020392
167	SMM4H2022QGeRuEPAmBXDNQef	ADE	55	65	depression	10001496
168	SMM4H2022q04olNFJF0kDSR1D	ADE	98	121	lost some effectiveness	10061428
169	SMM4H2022Gblw5LVeqysjxwt2	ADE	15	58	soon sir levaquin did a number on my joints	10051608
170	SMM4H20221z5OlKi8lFubkaDP	ADE	41	92	my mouth feel like it was attacked with a hairdryer	10057371
171	SMM4H20221kKggeuAeMhF4nDZ	ADE	18	33	stopped working	10003118
172	SMM4H20228D5qOnwKmI5UmRxd	ADE	8	28	why am i more wheezy	10061778
173	SMM4H2022UULpisgEiV4eMkCQ	ADE	91	105	gaining weight	10000159
174	SMM4H20229t5c0BP8QYycENf9	ADE	36	62	skin reactions are painful	10042343
175	SMM4H2022E9rFf983tbuPZ1Hm	ADE	66	86	slept for three days	10039117
176	SMM4H20221uaNciWKdo1ERyk2	ADE	0	107	i took too much inhaler during dancing and i got the shakes and started getting dizzy ugh ventolin overdose	10000381
177	SMM4H2022Go1jJNTyNW85XkNk	ADE	94	105	memory loss	10033848
178	SMM4H2022xKXz2JHjmuw6EyPl	ADE	57	93	itchy skin but i really need scratch	10037087
179	SMM4H2022VSnui3AQNYgMNCBr	ADE	99	124	weight gain and hair loss	10000159
180	SMM4H202289dgEuGhV6YgSJtz	ADE	102	107	loopy	10033079
181	SMM4H2022VO9iOAC7gAy9gWAJ	ADE	12	66	havent slept for 26 hours im on adderall i cant scream	10036590
182	SMM4H2022UJirJsxFxPO26tbf	ADE	103	109	drowsy	10015907
183	SMM4H2022LVWQvvDEQT73IBPo	ADE	101	106	shock	10002199
184	SMM4H2022AolNYf51ABMxZCaY	ADE	0	140	i was having ; itchy feeling all over ,skin felt like it was crawling, muscle twitches, this always lasted over 2 hours after taking saphris	10075639
185	SMM4H2022MoSbH2oQWD4Rc373	ADE	101	115	dizzy rsdprobs	10002415
186	SMM4H2022k2Iy6n1SsxoqkYyS	ADE	52	91	shortness of breath and lung congestion	10013968
187	SMM4H20228WPTFoiD7UtEhnf2	ADE	74	88	hair falls off	10019044
188	SMM4H2022Fdzln4skQpezQnmg	ADE	0	12	brain damage	10012218
189	SMM4H2022ArD16QxQQWdiNAAQ	ADE	74	87	panic attacks	10033666
190	SMM4H2022F1dIUlxie40uvEPX	ADE	128	140	limb control	10024503
191	SMM4H2022l2BwGazSxoKknfHF	ADE	41	58	allergic reaction	10061557
192	SMM4H2022ckYX5qWt4tNJxAI0	ADE	9	31	suck out all my energy	10003549
193	SMM4H2022pmifSrR6bdl1GCog	ADE	48	76	horny but when i gain weight	10000188
194	SMM4H20227G82aNTWPIUVnqSw	ADE	77	82	awful	10016322
195	SMM4H2022oTXCYQq870jGy7HW	ADE	61	71	nightmares	10039495
196	SMM4H2022jT1QyiJ7eyplJije	ADE	74	128	sicker for longer i almost took imodium before i puked	10076309
197	SMM4H2022BdiPkLdLbsg6ZGtN	ADE	45	51	sleepy	10058839
198	SMM4H2022gaI3qFCfoMQwzyz2	ADE	35	115	heart palpitations to the point where i think i m about to have a cardiac arrest	10003674
199	SMM4H2022vfzSF69Ufs69Vvnf	ADE	113	123	depression	10001496
200	SMM4H2022UHXElqXANlAdEDOQ	ADE	14	29	brain s mushier	10012218
201	SMM4H20226NI80kNqQctG9lG6	ADE	113	126	violently ill	10008196
202	SMM4H2022mo5ijmxlyBrhqYKb	ADE	10	30	lovey dovey huggable	10045452
203	SMM4H2022LToUNrZ46zV9MVeX	ADE	90	105	bawling my eyes	10005169
204	SMM4H2022gyUp8AX5owVfxy8K	ADE	66	74	insomnia	10022035
205	SMM4H2022NiB6dmJTTP2sQG5n	ADE	37	72	chest feel like there s a tightness	10064780
206	SMM4H2022RKz8OdiGiScoIAtx	ADE	89	98	migraines	10076515
207	SMM4H2022sDCatVYKeZKhupNz	ADE	73	86	brain is mush	10012218
208	SMM4H2022fDEhRv0yhzATCs6L	ADE	77	103	emotionally unstable bitch	10014551
209	SMM4H2022IJjAKhS0Yx9F0zVS	ADE	45	109	infectious colitis the flagyl and levaquin have knocked me on my	10060968
210	SMM4H2022VtvHSa1Wppa9HrX9	ADE	30	59	heartburn amp lower back pain	10013946
211	SMM4H2022J3AZCplpotSJZgRz	ADE	97	106	reactions	10070863
212	SMM4H2022sJREVhSwiC5jmdl9	ADE	37	82	levels and armour thyroid makes my heart beat	10005424
213	SMM4H2022AXOkc9y62FvwcN36	ADE	7	18	palpitating	10034721
214	SMM4H2022KaL1Olsm3LuJc6KF	ADE	0	139	@USER________ lexapro made me lethargic but also affected my sleep (insomnia) and had a few other issues. taking pristiq now, works for me.	10035132
215	SMM4H20224SFxl4XmzZjgf68a	ADE	93	120	hurting my joints less pain	10003239
216	SMM4H2022OI5BGtrSMunpTyNS	ADE	70	74	slpy	10077321
217	SMM4H20222K3DPM0aLnXPEVZ1	ADE	24	28	legs	10033425
218	SMM4H2022XW2RGpXjy5mEMUkA	ADE	29	69	dream ever note to self don t take a nap	10022524
219	SMM4H2022fnDW5hU78OXp4muV	ADE	6	21	cravings to eat	10061148
220	SMM4H2022DeF4AvYJmtS1fy52	ADE	109	121	light headed	10024459
221	SMM4H2022KAs5aHy2FIgcJ60x	ADE	62	80	tardive dyskonesia	10043118
222	SMM4H2022FlKPe80F8nSQlWdc	ADE	65	76	weight gain	10000159
223	SMM4H2022daMvA0ZUfzkewBn7	ADE	63	104	with the synthroid i only have wtf dreams	10000125
224	SMM4H2022bNl81yfiZGbURAoc	ADE	90	95	bleed	10017955
225	SMM4H2022NPC59074iK43bWp0	ADE	134	138	sick	10015549
226	SMM4H2022ukrsbM10Z1EjLfJ3	ADE	21	37	cum like 6 times	10003239
227	SMM4H2022CHHbkdACiKYSNNw1	ADE	29	42	hurt my tummy	10061043
228	SMM4H2022QLMxran0Xjof2JZO	ADE	76	103	takes away all his strength	10016256
229	SMM4H2022R61oBnQ4gNAAzsmq	ADE	91	99	headache	10043269
230	SMM4H2022xXvqG1F0XtHP3URh	ADE	33	44	taste gross	10013911
231	SMM4H2022YiRQmx4daIGqZgO7	ADE	34	42	allergic	10061557
232	SMM4H2022PRP7lfEHcuscFFxO	ADE	64	107	string many words together in an incoherent	10041466
233	SMM4H20227G8Da9tWPXr9dMfR	ADE	74	80	hunger	10013968
234	SMM4H2022qxebBBlFRgzdtKx0	ADE	104	108	puke	10043966
235	SMM4H2022ETMeBk8tPdjsAqtV	ADE	31	38	anxiety	10001296
236	SMM4H2022CTD2Ia7BSWE5jn18	ADE	50	71	mouth taste like iron	10057371
237	SMM4H2022ifPjZZ8LVkWCkdq9	ADE	42	91	passing out in public and losing chunks of my day	10061630
238	SMM4H2022GSUeiqFRBo41B3gp	ADE	40	126	ravenous ate everything in sight 6 months on but not anymore i am also type 1 diabetic	10047571
239	SMM4H20227V3LfrhRdgZlGrKt	ADE	26	34	throw up	10074419
240	SMM4H2022SpfXdnSFQxSuNkIx	ADE	17	22	tummy	10047184
241	SMM4H2022gxWWaSQsanlTU3eI	ADE	56	69	gained 20 lbs	10000013
242	SMM4H2022UF4NRsGhIG1GzjKu	ADE	10	33	dreams had me screaming	10000125
243	SMM4H2022zLqAcGUsMmBymCxH	ADE	18	24	clumsy	10010151
244	SMM4H2022ioFCIUgQEBNa8JtU	ADE	39	56	allergic reaction	10061557
245	SMM4H2022qUEKRWBBMQ2Gy5Fn	ADE	25	51	bonkers but i found strong	10013453
246	SMM4H2022wegGB045mgmp6Tug	ADE	58	66	reaction	10000206
247	SMM4H2022XflXhC63z2E2mKNi	ADE	109	115	double	10004111
248	SMM4H2022WT3bU9MKkoClFfkX	ADE	116	126	killed mom	10000221
249	SMM4H20222f3FwzTHHfsGfbOO	ADE	35	46	tummy hurts	10004860
250	SMM4H2022vmt3fU6gz0GyF1ja	ADE	67	78	after taste	10013911
251	SMM4H2022125ILQANB6bxLPog	ADE	68	92	18 trying to lose weight	10053884
252	SMM4H2022fJI7rtVBPcpyFylf	ADE	55	63	floating	10016322
253	SMM4H2022xyb469Mjg6u0CpmR	ADE	24	89	developed lymphoma from humira amp celebrex caused heart problems	10001413
254	SMM4H2022M9OB8CYZV2aZibMM	ADE	26	31	hives	10002424
255	SMM4H2022FZazocsP99U5XP86	ADE	43	56	losing weight	10061630
256	SMM4H2022WKstABeTiwaILawl	ADE	155	163	allergic	10061557
257	SMM4H2022K2VHvWiDIIRXGVxB	ADE	52	62	drowsiness	10037867
258	SMM4H2022GwUt4fOerWqoIjHk	ADE	15	26	withdrawals	10061261
259	SMM4H20222HkaIafOOJk36AnE	ADE	20	28	immunity	10010099
260	SMM4H2022Lyq4XSHRY5hATjgt	ADE	33	36	fat	10003035
261	SMM4H2022YWWviU9Da7JdwCH5	ADE	35	40	itchy	10037087
262	SMM4H2022S1EzuAXlipTd6T3a	ADE	48	60	racing heart	10033557
263	SMM4H20223AW2a8evFexoZhez	ADE	45	50	nervy	10028163
264	SMM4H2022waDmnXKBXKFoGmwB	ADE	63	118	withdrawing from pristiq must be like coming off heroin	10003239
265	SMM4H2022hhujjeBthPvT0uNv	ADE	40	53	gastro issues	10019099
266	SMM4H2022Rd7LN7QhE48TK0AX	ADE	41	84	shattered this time can t keep my eyes open	10000630
267	SMM4H20229j9yozkV1flM9yaM	ADE	73	81	munchies	10067663
268	SMM4H2022YCllKbyR4dPinxL8	ADE	46	110	diarrhea so she could take me outbid school but now i can t poop	10012735
269	SMM4H2022P6mObGAMjteLbGOA	ADE	50	73	knocked me out too much	10015995
270	SMM4H2022fi32nYF7RrLYGKmR	ADE	49	59	withdrawal	10061621
271	SMM4H2022LycgwsCH5f7q9i2T	ADE	25	38	pounds fatter	10051682
272	SMM4H2022Nkeda18maENx0hlM	ADE	94	100	burned	10049267
273	SMM4H2022876OPSO0QM40YL9R	ADE	52	60	reaction	10000206
274	SMM4H2022GJd4jCxHzzrSiQUx	ADE	88	95	thyroid	10066474
275	SMM4H202203cJg79OB3rrMQOc	ADE	126	132	sleepy	10038935
276	SMM4H2022o2852HmqLRs5m0ZE	ADE	53	110	swings while i was on it im on vimpat now and dehydration	10027951
277	SMM4H2022n2rMaFxZI8TrwMpu	ADE	17	88	pain back if i forget to change fentanyl patch buprenorphine withdrawal	10000081
278	SMM4H2022xYvq4eNy0iLteHQZ	ADE	42	60	lost a ton of hair	10061428
279	SMM4H2022Z0iePe9dp0brb5Gy	ADE	75	84	migraines	10008267
280	SMM4H2022V3C5AbjqIjKZgLHZ	ADE	32	38	weight	10000159
281	SMM4H2022Je7ld0UqkEmWWMEX	ADE	0	51	floating on them xanax swear to god it got me dizzy	10016322
282	SMM4H2022eyYDZWoNECVWTXfA	ADE	50	106	sex drive was non existent lol and my appetite was weird	10058084
283	SMM4H2022euB2kQVGtT5MUWev	ADE	43	66	undesirable sexual side	10058084
284	SMM4H2022wWqnQtrWVqmhqMi7	ADE	46	59	temperamental	10058506
285	SMM4H20225juiTyCOrCNyv3oQ	ADE	0	125	this increase in pregabalin (on fri) is making me so tired and a wee bit dizzy but anxiety is calmer when i feel like this :s	10001551
286	SMM4H20226Lq6s0pBGPTV55Rp	ADE	41	72	reaction to enbrel and it burns	10000206
287	SMM4H2022vDeE21lfrTNbo0w4	ADE	11	19	spasming	10079738
288	SMM4H2022UaKA7Zr5Z9gY2KEE	ADE	43	49	stupid	10041569
289	SMM4H2022uaz9y728c6Vo6AWB	ADE	15	27	fat and lazy	10003035
290	SMM4H2022Z6I3myFGooKa5sWO	ADE	75	101	asleep and want to stay in	10022035
291	SMM4H20229DSP3d4PM3foCHKw	ADE	88	94	puking	10021718
292	SMM4H2022VCsLBLVpGs14Q1MJ	ADE	79	103	tender amp red psoriasis	10024712
293	SMM4H2022jjGepSQaouE1SoMc	ADE	47	95	exhausted after their dose and need to sleep for	10064355
294	SMM4H2022tx6sHjcY7ev5VuuX	ADE	83	94	can t sleep	10061613
295	SMM4H2022fGoReTHv5dz7Z36Z	ADE	32	36	blue	10010057
296	SMM4H2022kMIuktognYwgGfY0	ADE	40	44	fast	10070407
297	SMM4H2022qJ7zTeZhjyy0TL5U	ADE	9	99	stomach probs for me thank goodness before this i was on viibryd amp my stomach was a mess	10000087
298	SMM4H2022PuGRzFVdtxZC1wg2	ADE	52	60	diarrhea	10012735
299	SMM4H2022mbTqpvtKWHKSayV2	ADE	28	38	leg cramps	10064990
300	SMM4H2022lpTWTNTrr9MKHTbE	ADE	29	39	it happens	10033371
301	SMM4H2022smwkN3SQ29q9UCyc	ADE	108	128	motor control jacked	10037211
302	SMM4H2022VJlsK5uWDN0zuuJB	ADE	118	126	floating	10016322
303	SMM4H2022wIDVnP8p1ns08Bab	ADE	58	66	pass out	10076640
304	SMM4H2022GrPAqsIWNkaTL9mu	ADE	54	64	basal rate	10039796
305	SMM4H2022IaD1uM8Z3LayA2HA	ADE	72	83	withdrawals	10061132
306	SMM4H2022sIEFSNT6Z8VJ4N7r	ADE	55	62	fatigue	10036316
307	SMM4H2022Oj8w5n0mzgisBVrJ	ADE	46	54	nauseous	10070832
308	SMM4H2022OsWKw1ESLkmxXo17	ADE	38	44	zombie	10016322
309	SMM4H2022BmzBme7AdPCbot5F	ADE	63	69	joints	10003239
310	SMM4H2022vzSN0N0AdHnPQ3ZK	ADE	57	62	dream	10038063
311	SMM4H2022CTT1iYgM1Jah1DKk	ADE	64	80	peeling very dry	10040844
312	SMM4H2022T0ZO15toqmf9LbL2	ADE	48	61	shitty dreams	10000125
313	SMM4H2022esiDvJ5k9KtA0bKq	ADE	0	8	methinks	10052686
314	SMM4H2022wJsDSYeoSgaiEDRh	ADE	63	129	opiate addiction the baby is going to be born amp have to withdraw	10070863
315	SMM4H2022Vxt0rfgFfLPrsiug	ADE	88	94	sleepy	10062020
316	SMM4H2022VEui3c04deIBXtPi	ADE	23	27	numb	10029934
317	SMM4H2022mD0lfXma45XCa5Xi	ADE	20	43	straight eyeliner wings	10001938
318	SMM4H2022URcJgmuuCRaMfFPk	ADE	4	9	itchy	10037087
319	SMM4H2022aKyxvtOp3YWiAdKn	ADE	15	21	nausea	10066962
320	SMM4H2022GnHFpdecm1rQKdfp	ADE	31	51	smoke like a chimney	10003239
321	SMM4H20226oKopZ1eNAklr5R9	ADE	14	18	sick	10015549
322	SMM4H2022MA6aBcgtBKfqBX5N	ADE	38	49	gain weight	10000188
323	SMM4H20224ENme8l2yx8y47RQ	ADE	69	79	withdrawal	10061621
324	SMM4H20220EuBTGU8Ojys9dYI	ADE	30	33	fog	10033237
325	SMM4H2022RNWKC8E9FqA3x7gT	ADE	14	26	light headed	10024459
326	SMM4H2022LAGIGbrme4r74XwU	ADE	29	37	migraine	10027607
327	SMM4H2022E7xOIm5DZ8g7uYbp	ADE	199	209	withdrawal	10061621
328	SMM4H2022TfvgK5TMrjDu2HhM	ADE	115	120	shake	10023003
329	SMM4H2022cdcBOSSCEKighhFC	ADE	58	74	body feel shitty	10022945
330	SMM4H20226CLlrUP2gp0xTM27	ADE	0	139	The adverse effects associated with febuxostat therapy include nausea, arthralgia,weakness, increased hepatic serum enzyme levels and rash.	10002199
331	SMM4H20227PdbhlrHYdy7dKPC	ADE	26	36	joint pain	10024453
332	SMM4H2022Gkqk3dQVziN7Mlvx	ADE	0	59	functioning when on pregabalin is next to impossible zombie	10080936
333	SMM4H20224pMVcM7aA6p3CRSj	ADE	102	125	drys out eyes amp mouth	10005169
334	SMM4H2022u92fZxejdJb1zoz9	ADE	37	42	lupus	10040968
335	SMM4H2022bzwDF94nv5sr5Gpv	ADE	27	32	tired	10003552
336	SMM4H2022uqfMIOcUlnMwOUHu	ADE	30	72	nightmares that youre not sure youve woken	10061698
337	SMM4H2022jYP41Q5rUlnm02ps	ADE	59	68	out of it	10077720
338	SMM4H2022Nh14G2MqCAEGIS31	ADE	96	103	seizure	10034759
339	SMM4H2022R15rFWfYA3hlkGsi	ADE	109	114	tired	10003552
340	SMM4H2022WzkwEiC0yMaOEy6m	ADE	49	56	flushed	10016825
341	SMM4H2022qwsfzqNc8Ei3SBEM	ADE	62	92	flushing is very uncomfortable	10016825
342	SMM4H2022lviMMb2oWYV5Zdtr	ADE	15	32	allergic reactoon	10061557
343	SMM4H2022SyJYbPl32q65vYTb	ADE	47	57	see double	10004111
344	SMM4H2022GmpfM08aPir118IU	ADE	32	40	headache	10043269
345	SMM4H2022bt1rIHXlgYxfW5b1	ADE	80	88	addicted	10026995
346	SMM4H2022aYOiJ80VE0jA5V73	ADE	12	21	withdrawl	10061079
347	SMM4H2022358vNfmSE2VolQru	ADE	75	89	falling asleep	10022035
348	SMM4H20224gnwICaTA6BTKN9N	ADE	75	83	twitches	10033081
349	SMM4H2022WenvMIs1HNnb6NDW	ADE	32	56	weight gain and swelling	10000159
350	SMM4H2022YbCMNaSHVZugF6cJ	ADE	43	49	hungry	10020466
351	SMM4H2022hwRwr74Du8dWNc8J	ADE	110	120	dependency	10013663
352	SMM4H2022zuSNDVXryIKjMmPV	ADE	33	38	tired	10003552
353	SMM4H2022iMRATgirZGPFK2P3	ADE	44	53	knee pain	10024124
354	SMM4H20220Rr3ZXSj5QEuDEjx	ADE	21	34	lose function	10049084
355	SMM4H2022L8cPrCZsxjeneqcY	ADE	13	32	slower than a snail	10042062
356	SMM4H2022Tmc4jgWgVyGw06eT	ADE	36	96	oversleep tomorrow amp gabapentin messing with energy levels	10003549
357	SMM4H2022jA3B8ICcHxfFYwA5	ADE	44	54	withdrawal	10061621
358	SMM4H2022rmFLBeOGOoNM48tU	ADE	0	10	withdrawal	10061621
359	SMM4H2022oai7QpM05WstrkA3	ADE	93	125	forgetfulness and food aversions	10002199
360	SMM4H2022kKdNnY9QGNh0DsNO	ADE	35	41	health	10049438
361	SMM4H2022SMSMr0O1nWzTyft0	ADE	64	74	antibodies	10061131
362	SMM4H20224UVs4CNswXnjoS1H	ADE	86	92	wobbly	10058079
363	SMM4H2022fCKLHHndv17ifP4d	ADE	56	71	lost 100 pounds	10061428
364	SMM4H2022LcCWTTUab8JEwlgj	ADE	37	51	tummy problems	10014551
365	SMM4H2022cD32NJzdv6ZYLcAC	ADE	17	31	hallucinations	10019079
366	SMM4H2022AtSM8oqA0ZfWjc5T	ADE	51	56	heart	10003674
367	SMM4H2022GVykwueMr4ePQhgN	ADE	24	78	mean and i m on neurontin too i feel like a drugged up	10000173
368	SMM4H2022s9ZuNUJFH6b2RyQe	ADE	104	112	reaction	10000206
369	SMM4H2022seZx0iet8mvtPdzJ	ADE	13	22	withdrawl	10011354
370	SMM4H2022soiXWYArm5u09QmA	ADE	106	125	heart rate go weird	10003674
371	SMM4H2022ZxPLqKA4BSsyAtE8	ADE	101	109	allergic	10061557
372	SMM4H2022I1tfYbjOfWuelV6f	ADE	35	39	sick	10015549
373	SMM4H2022aTd7tR3Ug8GJ6NL9	ADE	83	98	hurt my stomach	10000087
374	SMM4H2022fJjjPhIZOauUxRPN	ADE	95	128	haunting dreams and demon visions	10000125
375	SMM4H2022leZuYE8LtpodfGwv	ADE	69	79	boobs huge	10034354
376	SMM4H2022Fpmjkb2SjjVvAHrK	ADE	59	69	of suicide	10010144
377	SMM4H2022EGxxt1W3UOW05kq7	ADE	25	35	chest pain	10064780
378	SMM4H2022lPMSULBtAiNnZZBu	ADE	99	118	detached hypocrites	10013457
379	SMM4H2022Hov58m8YqAPeckNY	ADE	91	97	anemic	10003285
380	SMM4H2022wm5w3xpwc24D38io	ADE	0	140	9 years of the health care system that started out as a untreated infection due to work, to insomnia, to levaquin causing afib to cns issues	10022539
381	SMM4H20220ZaPNlIb2ie56nqx	ADE	1	66	user user user tysabri helped with my flares but killed my immune	10061111
382	SMM4H20223YD6uamx2txBPVKL	ADE	18	36	taste buds way off	10013911
383	SMM4H20229EBWneqKj18XeuZI	ADE	8	19	withdrawals	10014962
384	SMM4H2022OkJmzMuFHpMBzXrl	ADE	46	72	sleep like 15 18 hrs a day	10061613
385	SMM4H2022drmFgOceyKzEh38D	ADE	33	44	gain weight	10000188
386	SMM4H2022bu0WGEf2WAuDWhgX	ADE	45	61	weirdest feeling	10000060
387	SMM4H2022ct7jc7d3JDI0No9j	ADE	41	62	sensitive to sunlight	10002794
388	SMM4H2022JEfuBxE2Gwpmqi1a	ADE	109	124	digestive upset	10060996
389	SMM4H2022RnDzNbhVJq2EWgbe	ADE	29	50	anus is the addiction	10002133
390	SMM4H2022HYup8CEPvP93KMOw	ADE	59	65	trippy	10010933
391	SMM4H2022hzgqGxQsYdVxr86c	ADE	59	64	doped	10034820
392	SMM4H20224r83utUKyG1fBH9b	ADE	73	80	napping	10077443
393	SMM4H202216CLb2gdQQJ4wvdN	ADE	0	144	&gt; want to do paper to have free weekend &gt; too tired and delirious to start &gt; also too wired from residual effects of adderall &gt; dead	10050989
394	SMM4H2022AvNyMPuYUNenvkF4	ADE	0	272	Heroin use during #pregnancy can cause #preterm labor and #babies with low birth weight and development delays. Too much #methadone can cause dependence in the unborn baby, while too little can cause the mother to relapse or suffer from #withdrawal symptoms #health #nurse	10013663
395	SMM4H20228TaGOMvBG0g6qWCu	ADE	86	91	lupus	10040968
396	SMM4H2022ViLnVWT60l3sgDGa	ADE	38	46	allergic	10061557
397	SMM4H2022QYSv9XNyzJMBfiNP	ADE	9	27	klonopin addiction	10012335
398	SMM4H20226yHtRwElUAdyETt8	ADE	40	126	shrink an inch because i ve been 5 9 for years and the last year i was measured as 5 8	10044592
399	SMM4H2022vBAf3LJcmpFjChkU	ADE	89	106	curbs my appetite	10021654
400	SMM4H2022EePAHb6PJo8OVzIu	ADE	32	48	nose is dripping	10028720
401	SMM4H2022Ubq3Q9MpXmTSebsT	ADE	122	126	rash	10012434
402	SMM4H2022P800hBgQPnALhKOZ	ADE	5	32	lightheaded today switching	10061166
403	SMM4H20229E0rhekxAU1ygt8y	ADE	65	74	oversleep	10069229
404	SMM4H2022jQzyuyU69YLayZK3	ADE	71	81	mouth numb	10057371
405	SMM4H2022lCZ2qS9jVAf0dFBo	ADE	13	21	threw up	10038080
406	SMM4H2022iPKxH6IPO8DcfXzF	ADE	41	66	stomach ache and diarrhea	10000087
407	SMM4H2022eGXbVQNp0hqU6vpT	ADE	24	52	fucked up coming off saphris	10003053
408	SMM4H2022y8tJAuBcYbPY5NHv	ADE	109	121	panic attack	10033666
409	SMM4H2022jCi53f1E6Q2tSFf8	ADE	26	33	jittery	10016338
410	SMM4H2022Eed5zNiTaqILuph0	ADE	18	26	addicted	10025598
411	SMM4H2022bY8Hgk6USYpRrm7m	ADE	0	134	@USER___________ humira made me have a bad rash on my stomach and broke out with bad psoriasis on my leg. can't wait to start remicade	10016322
412	SMM4H2022fHniDZ77szUSKUwG	ADE	31	47	trouble sleeping	10049848
413	SMM4H2022TKzIPqg6RkMJXstT	ADE	81	107	sleep at 3am amp waking up	10061613
414	SMM4H2022voWP6CtUdXaFYNu5	ADE	43	53	withdrawal	10061621
415	SMM4H2022dBcSneo5jxMqZmjW	ADE	51	138	sleep was maybe not the greatest idea i feel like the whole world is spinning around me	10061613
416	SMM4H2022LEQqvZ5BvDyggjpq	ADE	24	34	drowsiness	10024591
417	SMM4H20223ywls0x8tif7sp3w	ADE	73	100	somnolence and dizzinesspic	10080279
418	SMM4H2022iPXbnlhI6Mow6uIb	ADE	39	48	addiction	10012335
419	SMM4H2022f5ic8PBW75HuZzla	ADE	45	99	seizure in the latrine at ait i would just fall asleep	10034759
420	SMM4H2022oZPoXrhwzvDFnBvy	ADE	62	65	tan	10051683
421	SMM4H2022I9bCUk7qASgUnTnU	ADE	99	109	brain zaps	10012218
422	SMM4H2022VB1Hf0BwDAOEpFLw	ADE	18	36	anaphylactic shock	10002198
423	SMM4H2022SMfjUgDPdobWsKpJ	ADE	48	59	in my sleep	10061613
424	SMM4H2022rClHejpt9aC9Xcr6	ADE	69	77	reaction	10000206
425	SMM4H2022Rr1eSyciarw4D1Gb	ADE	59	82	skin allergic reactions	10042343
426	SMM4H20227nuCYhWfio8ixGED	ADE	30	59	awake for days on end without	10023204
427	SMM4H20225e9uyqOwKH7IxEJJ	ADE	22	39	mouth is bleeding	10057371
428	SMM4H2022QA5ODfSSjYhchOsp	ADE	41	51	head hurts	10027582
429	SMM4H202259XQBFf4vXjoMU1f	ADE	0	136	@USER_________ i take qvar 2x a day. singulair gave me nightmares and advair made weird things grow out my skin, itching burning too :-/	10069576
430	SMM4H2022Bj1lyLvFiOC0m3um	ADE	7	41	got my stomach all types of fucked	10000087
431	SMM4H2022h1nOqmQDKldun0Qv	ADE	44	59	numbed my brain	10012218
432	SMM4H202264qmi2opuDsDf7zs	ADE	44	110	affecting my immune system now on aubagio amp having stomach probs	10000154
433	SMM4H2022Uhn4mdR8Mm7H9TyS	ADE	105	121	feel a lot worse	10000173
434	SMM4H2022tCYa6zgRc9Okj8aD	ADE	82	95	control of my	10010808
435	SMM4H2022n061Gzj1ggZquuzu	ADE	33	38	shaky	10041541
436	SMM4H2022tlUL6mYwIf1bRIsP	ADE	22	113	manicure after several puffs of ventolin is proving challenging to say the least shakyhands	10034586
437	SMM4H2022jinWIap6ADqRJvEz	ADE	50	58	headache	10043269
438	SMM4H2022kXllWQXp2xW88U53	ADE	6	48	addicted to metformin it gives u the poops	10047304
439	SMM4H2022KRqhV1O8YXDi7uXN	ADE	49	57	feverish	10073101
440	SMM4H2022O3afz53gqpB69Srs	ADE	39	47	reaction	10000206
441	SMM4H2022XhyQatTKtbvaiFU1	ADE	94	100	drowsy	10050347
442	SMM4H2022nLk9iQP4PPYgpxUs	ADE	65	123	allergic to crestor or if i m a caffeine hyper metabolizer	10061557
443	SMM4H2022nn7Ir6FtxVNpdw4j	ADE	20	29	exhausted	10068613
444	SMM4H2022BSa8BBpeAJ44Se1U	ADE	44	82	allergic to it and made me really sick	10061557
445	SMM4H2022JFTjbsGB9DmYgO4Z	ADE	27	64	gain lyrica and then gabapentin 30lbs	10000188
446	SMM4H2022tXk1WPdrfB2I9Qck	ADE	13	21	addicted	10056523
447	SMM4H202248OiyZEjVPpXb1W2	ADE	38	105	tendon tears or ruptures maybe that s why my achilles are screaming	10010550
448	SMM4H2022swK33vQcpSAU8DtZ	ADE	29	35	cramps	10000081
449	SMM4H2022tAdaQhJ45DqLjokD	ADE	98	113	vision went odd	10047571
450	SMM4H2022SRYtYSjfc2VVgQ2g	ADE	34	46	lucid dreams	10000125
451	SMM4H2022k5khkGaZeuhurg6q	ADE	64	84	erectile disfunction	10061461
452	SMM4H2022ivL7ujrAy2Yyfjgz	ADE	60	136	possum that s dead on the pavement in the middle of summer i am that bloated	10011906
453	SMM4H20222bpzJ4kqd6RkUZXS	ADE	90	101	taste funny	10013911
454	SMM4H2022bHjQOmfu7fAT1t2i	ADE	0	136	i'm having brain zaps and stomach cramps from stopping meds oxycontin is an evil drug even in moderation and effexor hurts my brain ugh!	10012218
455	SMM4H2022EDtClm9du0tWn0FP	ADE	70	76	cramps	10000081
456	SMM4H20226PBYI2NHPrbfUYmr	ADE	0	138	had something of a creative day around my pain and gabapentin wooziness and headache. sewing morning, painting afternoon, evening reading.	10005178
457	SMM4H2022PFaaRLIM8wNtR1kk	ADE	12	22	wet dreams	10048234
458	SMM4H202263vBuO8jHzDw8jCC	ADE	26	47	feel like i m on meth	10000173
459	SMM4H2022g2Iz7rUVHPyiTu8g	ADE	40	51	concentrate	10079903
460	SMM4H2022g6wuO7Va5BBfeOnT	ADE	75	92	bg uncontrollable	10011469
461	SMM4H2022r90dcsy7gjTWYUWd	ADE	62	115	pain management my memory and decision making ability	10000081
462	SMM4H2022V4knMt0C23GzJ5mX	ADE	92	98	weight	10000159
463	SMM4H2022xqxzrMMVU97thjIz	ADE	27	53	prevents me from waking up	10050765
464	SMM4H20227xIWA7Wjt0JMAD8q	ADE	32	38	sleepy	10016228
465	SMM4H202237qePHk7LpRbXnFq	ADE	92	97	ropey	10040723
466	SMM4H2022jh6v0TSwHLbbclWa	ADE	10	106	hunger is a side effect of advair smh maybe that s why i ve been binge eating and gaining weight	10013968
467	SMM4H2022pT8GUvybvcQ4ZCnA	ADE	37	115	balance this much i just bloody nearly fell off the toilet me cfs fibromyalgia	10000456
468	SMM4H2022yKDF7ht2qw4mItug	ADE	33	47	arms feel numb	10012441
469	SMM4H2022hwltVKh2nzFV8dD2	ADE	105	112	hiccups	10020039
470	SMM4H2022oRJZfLFmHSWAORS1	ADE	254	268	feel my joints	10000173
471	SMM4H20227f2lFx12UPUIkWBO	ADE	0	93	oh and advair can caused flushed skin too maybe that's why my cheeks randomly get red and hot	10056379
472	SMM4H2022uaWNTeJaGgP88OLg	ADE	0	139	it scares me the thought of having to be medicated forever bc i go with pristiq for 48 hours and i become so depressed and down, i hate it.	10013457
473	SMM4H2022FuJCpOHVfLuMEOUr	ADE	37	48	memory loss	10033848
474	SMM4H20220aAbrDIq45JlXgso	ADE	2	13	slept until	10005318
475	SMM4H2022QgEGgorjOamlgb9Y	ADE	40	48	insomnia	10022035
476	SMM4H2022MQNzPXFubV4qr12n	ADE	46	52	nausea	10066962
477	SMM4H2022vuvmuyD8L1mSV1fs	ADE	42	46	numb	10030141
478	SMM4H20226z9ycJInOxfKUlut	ADE	74	108	spaced as fuck and lost the use of	10061428
479	SMM4H20223z87ZWlOvG9mUUWq	ADE	16	34	physical addiction	10040026
480	SMM4H2022bDZAeYqrvV9VukLE	ADE	12	104	sleepiness from the gabapentin increase may be starting to wear off fed up with sleeping all	10041349
481	SMM4H2022arTDUsL1zqih0Bpo	ADE	0	140	coming off of viibryd is really fucking hard. vivid ass crazy dreams, burning up, now getting sad. everyone stick to 20mgs for your own sake	10012328
482	SMM4H2022F83CCv4CP3LgKQSN	ADE	44	84	weight like falling off besides my tummy	10000159
483	SMM4H2022DrWJFF1IlqUmSnrY	ADE	113	119	nausea	10066962
484	SMM4H2022nkBHQ8a41pJiT6uT	ADE	0	137	@USER______ i am disabled-live in pain from levaquin-some get better some do not. may 8 rally in wash dc-plea rid of cipro avelox and lev	10000081
485	SMM4H20221TuIu34eQRJ3YS6b	ADE	57	66	irritable	10022998
486	SMM4H20228ppGrGzmg4Ueytmd	ADE	36	46	heart burn	10003674
487	SMM4H2022csKocAvsghF3C4eE	ADE	68	72	sick	10015549
488	SMM4H2022jkvII0ThwIj1dO2M	ADE	29	33	bald	10005775
489	SMM4H2022jkEqFO7xvoUS5h1T	ADE	115	120	joint	10024453
490	SMM4H2022PlIk4VABkjrulP1b	ADE	53	59	noises	10067715
491	SMM4H2022GpXYO5QBMXCYLOQu	ADE	86	92	tastes	10065708
492	SMM4H20220Wxa3moN4kqn2onU	ADE	0	138	can't sleep, temazepam myself into a coma, pass out for hours on end.  finally wake up, feel like shite for days.  oh, i love my life! :-/	10076640
493	SMM4H2022KZUBh6FdbIemz00n	ADE	128	134	groggy	10027207
494	SMM4H2022qsfWk7Trq0RNfrl1	ADE	85	89	mess	10038821
495	SMM4H2022hExoY7O0qx2gIiM5	ADE	96	107	fall asleep	10080662
496	SMM4H2022S9VqlEsQAabeKLCO	ADE	40	135	half life of about 6 hours the last time i took was at about 9pm last night leh why still dizzy	10049994
497	SMM4H2022eZ74IK555HGu5jS8	ADE	6	14	allergic	10061557
498	SMM4H2022ddhTxjj0zOEEFQ4G	ADE	30	35	crash	10070928
499	SMM4H2022kV4ypKl84fuKF33q	ADE	66	100	swings and nightmares and insomnia	10027951
500	SMM4H2022HOLLHDPnGkJNMy8R	ADE	194	206	irritability	10005052
501	SMM4H2022VBVEubhmwN21vKqX	ADE	29	44	craziest dreams	10000125
502	SMM4H2022ds1UT5sAblPRyi4p	ADE	122	127	burns	10008422
503	SMM4H20220EKTo8eakljwlgjD	ADE	53	57	daze	10050520
504	SMM4H20228M0aTANkYKUtiVRi	ADE	20	25	drunk	10016330
505	SMM4H202262ohrLpKVPvjTUfZ	ADE	34	49	hurt to breathe	10024733
506	SMM4H2022k4FTFQFm2HXE7APM	ADE	0	140	okay, can't take lunesta now and get up on time so please mellow me out and get sleepy ms. xanax. gotta be able to be fun and loud tomorrow!	10069576
507	SMM4H2022aEsfdWUB2OULXwpR	ADE	26	32	sleepy	10030192
508	SMM4H2022YT6WEZ2jirs8UIK9	ADE	10	39	addicted to ventolin inhalers	10024288
509	SMM4H2022wWHIkdLMouWDOPQ7	ADE	22	30	happiest	10009691
510	SMM4H2022kS4JdGzBxBtJ1aI2	ADE	48	57	feel sick	10000173
511	SMM4H2022npu0AXvXBW1q0ME6	ADE	0	138	@USER_____ sorry u lost ur loved one to medication related anaphylaxis. my mother was vioxx casualty. went from looking vibrant to grave:(	10061428
512	SMM4H2022IEVmIyRJJfkmBnwB	ADE	57	63	nausea	10066962
513	SMM4H2022AsSKCYAY7p69LZbc	ADE	134	138	pain	10000081
514	SMM4H2022L1kwJrRF5dDjokb5	ADE	51	59	addicted	10017910
515	SMM4H2022KLdQdCE9p5DRgA9z	ADE	30	40	lupus rash	10040968
516	SMM4H2022joCUqkd2BbvXArml	ADE	49	66	heart is pounding	10003674
517	SMM4H20226JlIxkydySqhKNzm	ADE	105	117	my hair fall	10019044
518	SMM4H2022xXM8aIHEFIxsUpgG	ADE	70	76	asleep	10022035
519	SMM4H2022UO8moFxg6uzPs7U1	ADE	67	83	nerve amp tendon	10000111
520	SMM4H2022bvoGWlWfhQeixhUx	ADE	45	85	fever it caused sent my glucose up to 25	10039085
521	SMM4H2022GCVcpArk5rm2WMeM	ADE	61	71	like death	10003239
522	SMM4H2022PvXgC1bS4v7C3lej	ADE	37	65	to eat and sleep fatkidprobs	10061148
523	SMM4H2022cac1dGme7E4hYDWZ	ADE	24	123	weight gain to set in i was on lyrica for about a year didn t change my routine gained about 30 lbs	10000159
524	SMM4H20222QW0TuOxQZ5fLldL	ADE	6	125	quit viibryd cold turkey it s a disaster of withdrawals viibryd bipolar depression ocd meds confusion agitation itching	10028810
525	SMM4H2022lsgOouvsFx74JA44	ADE	75	84	unable to	10056984
526	SMM4H2022iOF5bkiQQNS7D2WG	ADE	5	58	tripped balls off tamiflu actually seeing and hearing	10011891
527	SMM4H2022goql2STNYa49Qvvc	ADE	69	73	high	10000009
528	SMM4H20227VhxHvPnwlKtuByC	ADE	35	50	stopped working	10003118
529	SMM4H20225FmCmMnu3JMGmxzx	ADE	62	80	heart palpitations	10003674
530	SMM4H2022JvOcbZjLtoQxAP2r	ADE	86	91	sleep	10061613
531	SMM4H2022YEIu8JtpcekSt1w5	ADE	79	96	mouth and stomach	10057371
532	SMM4H2022eCrp7PilpDa6GdnY	ADE	41	49	reaction	10000206
533	SMM4H2022gOvYvfPyGWE2dQc9	ADE	0	16	just don t sleep	10061613
534	SMM4H2022gXLVQaB4Cd70wXUg	ADE	27	37	withdrawal	10061621
535	SMM4H20227k8sYq89esZLyOcD	ADE	72	77	tired	10003552
536	SMM4H2022erAgXc6YGFSDhvjm	ADE	78	84	hernia	10060954
537	SMM4H2022DIY8VN5JJa28SKi1	ADE	47	58	withdrawing	10040960
538	SMM4H2022UC8V6ZpkRRxyzZRN	ADE	64	80	loopy i couldn t	10036117
539	SMM4H2022uqd8QSy60ML83olu	ADE	121	132	hallucinate	10074184
540	SMM4H2022kIDNrCaaPeHbIZNE	ADE	66	75	craziness	10026990
541	SMM4H2022wz0DClrwKnFuWl4E	ADE	42	71	mouth taste like hot buttered	10057371
542	SMM4H2022Nca5W72Rng6C8S7J	ADE	16	24	headache	10043269
543	SMM4H2022CL5FKCVDQupcrbCV	ADE	18	23	shake	10024758
544	SMM4H2022rJWpnCJUQqQ74LNV	ADE	12	20	addicted	10003481
545	SMM4H2022VnFxUlpTJYd7HbAD	ADE	0	113	ventolin injections. make the body move and tremble like jelly. weird and funny. body move and tremble like jelly	10063935
546	SMM4H2022xaMFsNuuz0ijDoKl	ADE	25	34	nauseated	10033320
547	SMM4H202279FfO8NAy5p4vGFk	ADE	63	77	floaty feeling	10000060
548	SMM4H2022bp8M9zf1PE9WFwfa	ADE	35	44	back pain	10003986
549	SMM4H2022rcsrf8OwcvdwdCCP	ADE	117	122	thick	10043951
550	SMM4H20221G8rZRurq8aNwJTq	ADE	100	104	sick	10015549
551	SMM4H20222UOFZb0CJ2xre8Qr	ADE	9	19	withdrawal	10061621
552	SMM4H2022dtQ4HQHl4CSYsOE2	ADE	52	58	forget	10072441
553	SMM4H2022t3JNoLSCmlovQkKx	ADE	29	37	reaction	10000206
554	SMM4H20228UXNpzNZnbLqp34h	ADE	24	29	detox	10040402
555	SMM4H2022rURHpGT1skFGAXtd	ADE	65	70	world	10053717
556	SMM4H2022XxDa8PjiE0CLm98A	ADE	76	130	dizziness much better than viibryd which had me puking	10023567
557	SMM4H2022uiM3xXlTRXMKdZx1	ADE	7	31	like my eyes are melting	10003239
558	SMM4H2022Kc4sWEfGqlH6JWWS	ADE	24	37	growing pains	10006202
559	SMM4H2022TB3Sh7B0EHwDP9Tz	ADE	9	39	withdrawal symptom of flu shot	10061621
560	SMM4H2022IOwZji5aahqomN9d	ADE	58	64	raging	10012468
561	SMM4H2022KadF1lO0iP4y5UFg	ADE	26	36	itchy legs	10037087
562	SMM4H2022QTrfiDnbSItWXGCK	ADE	27	32	bumps	10035039
563	SMM4H20220GdgpZr5BB7ZXgRn	ADE	8	24	gained 25 pounds	10053810
564	SMM4H20221v2dFFdomWXMPBPp	ADE	57	86	make you shit out your entire	10063935
565	SMM4H2022RcBYLLKg6xybApNX	ADE	0	132	@USER________ i wasnt sure if namenda helped me, but mail order messed up & i ran out 4 2 weeks & pain spiked- wasnt withdrawl pain-	10081770
566	SMM4H2022xVLMNOJ7CnrBJyIb	ADE	0	140	@USER_____ since vioxx killed my mother highly suggest persons who notice change in loved one, friend, anyone investigate adverse reactions.	10018430
567	SMM4H2022NuHiKeSQb3K4hrOt	ADE	24	29	bleed	10017955
568	SMM4H20223WPmK5azUmmF3IfU	ADE	57	61	coma	10019744
569	SMM4H202285D5PmfCRhfKFFuF	ADE	0	140	@USER____ hi Siva. I'm on a very high dose of Gabapentin but still get lots of pain in my feet & I also get the burning sensation in my legs	10000009
570	SMM4H2022lG0e0rqWdeyvlyTY	ADE	63	78	insomniacentral	10070717
571	SMM4H2022p9WyUH4TN8anUImV	ADE	42	59	allergic reaction	10061557
572	SMM4H20220SRIaBZI1vxAqt6z	ADE	24	35	ears rumble	10043882
573	SMM4H2022yFTCGo4lhEPr0YTD	ADE	49	111	zombie like tomorrow nothing is worth the brain cloud and lack	10016322
574	SMM4H20225g1hSlzSxFwStrCh	ADE	11	85	itchy is just a common side effect of oxycodone user user are you allergic	10037087
575	SMM4H2022d12iVWFlwT26ZFS2	ADE	75	82	visions	10067530
576	SMM4H2022tuUqbh7qntugSK7k	ADE	33	37	aggy	10071066
577	SMM4H2022Dt1uMFasyAlABbHN	ADE	75	88	dry skin thts	10013774
578	SMM4H2022HK709JbZF3FCGtuE	ADE	77	96	knocks me on my ass	10005467
579	SMM4H2022OZPqxLxzU7Y38UfT	ADE	45	54	reactions	10070863
580	SMM4H2022rrqqRuo1mn904ZrZ	ADE	104	124	gain a lot of weight	10000188
581	SMM4H2022w583d9hRvtJ6UnR7	ADE	25	47	mouth taste all bitter	10057371
582	SMM4H2022vwP6iquURMjuakjE	ADE	46	66	knocked me on my ass	10063841
583	SMM4H2022rDpqV5fl1ukMeM2F	ADE	19	61	bg is higher and takes longer to come down	10076309
584	SMM4H2022YbdlOkeWqxqCwBzN	ADE	59	64	yucky	10064743
585	SMM4H2022qG0poGRSTRTI2EoM	ADE	99	109	withdrawal	10061621
586	SMM4H2022oLbudXiLYPhyGpkf	ADE	24	206	pain patient i was an 11 year old burn survivor on tylenol 3 for over a year i also spent a year getting off ambien please don t assume your staff have never been through withdrawals	10000081
587	SMM4H2022zjOaQNSJAnKjUkM4	ADE	57	62	abuse	10001584
588	SMM4H2022LxBMoWvDKgmyM7bB	ADE	61	71	withdrawal	10061621
589	SMM4H2022pMJC4x8qL4a3nfSv	ADE	129	134	hives	10002424
590	SMM4H2022xlSJ1tZsKT6U9GQi	ADE	74	88	hallucinations	10019079
591	SMM4H2022z1r6l33AK84ClXP0	ADE	49	69	muscle deterioration	10010550
592	SMM4H2022bHXTL0Ja6HDnIFhw	ADE	54	86	addicted or build up a tolerance	10011655
593	SMM4H2022XUjs3ToXIUuuPnM5	ADE	43	57	feel like hell	10000173
594	SMM4H2022g2Py8dqhsFnVBxrJ	ADE	18	23	lupus	10040968
595	SMM4H2022XUhovRGqoBHShyEK	ADE	33	41	retarded	10021021
596	SMM4H202248K7mQEWd6l3y27p	ADE	24	32	skin dry	10042343
597	SMM4H2022STIxpNQKObdkKrx6	ADE	32	91	throw up before but humira has only made me really nauseous	10062355
598	SMM4H2022pw3S71y0sVuk3Fhp	ADE	31	37	burned	10012434
599	SMM4H2022kNVXhKcZYvBmOd3A	ADE	95	100	tired	10003552
600	SMM4H2022gLykMFrsQvUZ5qgA	ADE	130	144	sick and vomit	10015549
601	SMM4H2022AxMedOrC0zQWqua4	ADE	23	40	red circular rash	10061548
602	SMM4H2022o6vlXnlOaSQSoG5p	ADE	55	63	hangover	10001623
603	SMM4H2022xkR0wLIpfKmXsAEr	ADE	33	73	ability to concentrate and made me angry	10013496
604	SMM4H2022aJC0epwID2gLChLx	ADE	81	105	face starts breaking out	10064990
605	SMM4H2022HNpvoqKeDvkUtRWt	ADE	53	59	sleepy	10024690
606	SMM4H2022MaIRsGk3o2IYDEHx	ADE	33	39	shakes	10021789
607	SMM4H2022OIcJVS5Won4ppCl6	ADE	33	49	changed my brain	10034719
608	SMM4H2022pBlBh44g42J4IBiv	ADE	35	86	balk after the 24th tablet of the day my gag reflex	10081359
609	SMM4H2022omm2aJlpki8YOvkd	ADE	10	82	killing my leg tonight thanks for hitting the muscle and making me bleed	10064990
610	SMM4H20228dL2tRAxC5J7F8Xo	ADE	38	48	joint pain	10024453
611	SMM4H2022cvVqdUzXp9tJFrBT	ADE	2	13	can t sleep	10061613
612	SMM4H2022ywl5AvmQK8qzGQ5D	ADE	3	20	vision is blurred	10047571
613	SMM4H2022QjEFHmaVgNZEx3VC	ADE	87	117	weak af and your immune system	10037466
614	SMM4H2022NQRgRjhS0Kc3g9Ll	ADE	17	24	shaking	10061536
615	SMM4H2022BE81Rg1dPpMnmfhn	ADE	39	57	changes our bodies	10059005
616	SMM4H2022ogYsWAaKyFRCEMmA	ADE	60	68	headache	10043269
617	SMM4H2022hdOhGeHV91px3YqA	ADE	43	55	on the couch	10041247
618	SMM4H20223OKcEbScN85usZip	ADE	77	85	addicted	10067221
619	SMM4H2022I7IuUfJmMMlHLBlw	ADE	44	60	trouble sleeping	10049848
620	SMM4H2022UJizeQUO7p5ZrJ1u	ADE	139	183	withdrawals on top i ve managed to not sweat	10011655
621	SMM4H2022n86SIrU19dd29aj8	ADE	52	58	nausea	10066962
622	SMM4H2022XUkXOx7SmgkAjiAT	ADE	86	98	driest mouth	10057371
623	SMM4H2022bVI9QY1vLpUEy2h2	ADE	42	59	my heart beat all	10003674
624	SMM4H20229nx8rGpVNufE1xa0	ADE	48	54	drowsy	10036608
625	SMM4H2022NzX5g0yoTe7y8jzT	ADE	56	60	sick	10015549
626	SMM4H2022UmuYACyjFNTg0E1U	ADE	17	32	stomach hurting	10000087
627	SMM4H202269R6LOgttCYeurBL	ADE	0	123	pregabalin has made me twitch and have little muscle spasms, it has reduced pain but i think my twitch is drawing attention	10028347
628	SMM4H2022kvWRSghsCzy7ugp4	ADE	49	79	hurts soooo bad arthritisprobs	10016322
629	SMM4H2022URRAvirRnI5N1dtl	ADE	15	30	sleep paralysis	10061613
630	SMM4H202258ZSAXcBTPVlcAgE	ADE	43	70	horrible taste in his mouth	10013911
631	SMM4H20221VNBEox9oQkgcGW7	ADE	77	80	nod	10044302
632	SMM4H20228WDNxF2Azx6eQoca	ADE	42	50	allergic	10061557
633	SMM4H20221Z76UqwZfLyRPyzU	ADE	72	101	mouth taste like battery acid	10057371
634	SMM4H2022KLJbFODskPbJXjNN	ADE	105	117	not sleeping	10022437
635	SMM4H2022EP1zjMNzSpcaaibK	ADE	41	76	drunk sometimes i use to get spinny	10016330
636	SMM4H20220oUnNG4V4ADSYxzH	ADE	37	45	headache	10043269
637	SMM4H2022YQqnJH5iIdwJr0Dz	ADE	41	45	hell	10080326
638	SMM4H2022IMFLrSsDpkCIJwsd	ADE	4	20	albuterol making	10019742
